Time (sec),Q1,Q2,T1,T2,Set Point 1 (degC),Set Point 2 (degC)
0.00000000,0.00000000,0.00000000,23.00000000,23.00000000,23.00000000,23.00000000
1.00000000,0.00000000,0.00000000,23.00000000,23.00000000,23.00000000,23.00000000
2.00000000,0.00000000,0.00000000,23.00000000,23.00000000,23.00000000,23.00000000
3.00000000,0.00000000,0.00000000,23.00000000,23.00000000,23.00000000,23.00000000
4.00000000,0.00000000,0.00000000,23.00000000,23.00000000,23.00000000,23.00000000
5.00000000,0.00000000,0.00000000,23.00000000,23.00000000,23.00000000,23.00000000
6.00000000,0.00000000,0.00000000,23.00000000,23.00000000,23.00000000,23.00000000
7.00000000,0.00000000,0.00000000,23.00000000,23.00000000,23.00000000,23.00000000
8.00000000,0.00000000,0.00000000,23.00000000,23.00000000,23.00000000,23.00000000
9.00000000,0.00000000,0.00000000,23.00000000,23.00000000,23.00000000,23.00000000
10.00000000,80.00000000,0.00000000,23.00000000,23.00000000,23.00000000,23.00000000
11.00000000,80.00000000,0.00000000,23.00843629,23.00000849,23.00000000,23.00000000
12.00000000,80.00000000,0.00000000,23.03319159,23.00006561,23.00000000,23.00000000
13.00000000,80.00000000,0.00000000,23.07345100,23.00021747,23.00000000,23.00000000
14.00000000,80.00000000,0.00000000,23.12843478,23.00050752,23.00000000,23.00000000
15.00000000,80.00000000,0.00000000,23.19739690,23.00097669,23.00000000,23.00000000
16.00000000,80.00000000,0.00000000,23.27962359,23.00166348,23.00000000,23.00000000
17.00000000,80.00000000,0.00000000,23.37443196,23.00260409,23.00000000,23.00000000
18.00000000,80.00000000,0.00000000,23.48116877,23.00383249,23.00000000,23.00000000
19.00000000,80.00000000,0.00000000,23.59920908,23.00538057,23.00000000,23.00000000
20.00000000,80.00000000,0.00000000,23.72795515,23.00727821,23.00000000,23.00000000
21.00000000,80.00000000,0.00000000,23.86683524,23.00955336,23.00000000,23.00000000
22.00000000,80.00000000,0.00000000,24.01530251,23.01223214,23.00000000,23.00000000
23.00000000,80.00000000,0.00000000,24.17283400,23.01533892,23.00000000,23.00000000
24.00000000,80.00000000,0.00000000,24.33892961,23.01889641,23.00000000,23.00000000
25.00000000,80.00000000,0.00000000,24.51311113,23.02292574,23.00000000,23.00000000
26.00000000,80.00000000,0.00000000,24.69492129,23.02744651,23.00000000,23.00000000
27.00000000,80.00000000,0.00000000,24.88392294,23.03247687,23.00000000,23.00000000
28.00000000,80.00000000,0.00000000,25.07969813,23.03803361,23.00000000,23.00000000
29.00000000,80.00000000,0.00000000,25.28184732,23.04413218,23.00000000,23.00000000
30.00000000,80.00000000,0.00000000,25.48998865,23.05078682,23.00000000,23.00000000
31.00000000,80.00000000,0.00000000,25.70375711,23.05801053,23.00000000,23.00000000
32.00000000,80.00000000,0.00000000,25.92280389,23.06581520,23.00000000,23.00000000
33.00000000,80.00000000,0.00000000,26.14679567,23.07421164,23.00000000,23.00000000
34.00000000,80.00000000,0.00000000,26.37541396,23.08320963,23.00000000,23.00000000
35.00000000,80.00000000,0.00000000,26.60835449,23.09281795,23.00000000,23.00000000
36.00000000,80.00000000,0.00000000,26.84532659,23.10304446,23.00000000,23.00000000
37.00000000,80.00000000,0.00000000,27.08605263,23.11389614,23.00000000,23.00000000
38.00000000,80.00000000,0.00000000,27.33026745,23.12537912,23.00000000,23.00000000
39.00000000,80.00000000,0.00000000,27.57771783,23.13749871,23.00000000,23.00000000
40.00000000,80.00000000,0.00000000,27.82816202,23.15025949,23.00000000,23.00000000
41.00000000,80.00000000,0.00000000,28.08136921,23.16366530,23.00000000,23.00000000
42.00000000,80.00000000,0.00000000,28.33711908,23.17771927,23.00000000,23.00000000
43.00000000,80.00000000,0.00000000,28.59520136,23.19242391,23.00000000,23.00000000
44.00000000,80.00000000,0.00000000,28.85541540,23.20778108,23.00000000,23.00000000
45.00000000,80.00000000,0.00000000,29.11756977,23.22379209,23.00000000,23.00000000
46.00000000,80.00000000,0.00000000,29.38148182,23.24045764,23.00000000,23.00000000
47.00000000,80.00000000,0.00000000,29.64697740,23.25777795,23.00000000,23.00000000
48.00000000,80.00000000,0.00000000,29.91388718,23.27575269,23.00000000,23.00000000
49.00000000,80.00000000,0.00000000,30.18205587,23.29438108,23.00000000,23.00000000
50.00000000,80.00000000,0.00000000,30.45133253,23.31366188,23.00000000,23.00000000
51.00000000,80.00000000,0.00000000,30.72157334,23.33359345,23.00000000,23.00000000
52.00000000,80.00000000,0.00000000,30.99264123,23.35417373,23.00000000,23.00000000
53.00000000,80.00000000,0.00000000,31.26440565,23.37540029,23.00000000,23.00000000
54.00000000,80.00000000,0.00000000,31.53674227,23.39727033,23.00000000,23.00000000
55.00000000,80.00000000,0.00000000,31.80953272,23.41978071,23.00000000,23.00000000
56.00000000,80.00000000,0.00000000,32.08266432,23.44292799,23.00000000,23.00000000
57.00000000,80.00000000,0.00000000,32.35602986,23.46670843,23.00000000,23.00000000
58.00000000,80.00000000,0.00000000,32.62952734,23.49111798,23.00000000,23.00000000
59.00000000,80.00000000,0.00000000,32.90305977,23.51615234,23.00000000,23.00000000
60.00000000,80.00000000,0.00000000,33.17653493,23.54180698,23.00000000,23.00000000
61.00000000,80.00000000,0.00000000,33.44986520,23.56807712,23.00000000,23.00000000
62.00000000,80.00000000,0.00000000,33.72296732,23.59495774,23.00000000,23.00000000
63.00000000,80.00000000,0.00000000,33.99576223,23.62244365,23.00000000,23.00000000
64.00000000,80.00000000,0.00000000,34.26817490,23.65052946,23.00000000,23.00000000
65.00000000,80.00000000,0.00000000,34.54013411,23.67920958,23.00000000,23.00000000
66.00000000,80.00000000,0.00000000,34.81157233,23.70847828,23.00000000,23.00000000
67.00000000,80.00000000,0.00000000,35.08242554,23.73832965,23.00000000,23.00000000
68.00000000,80.00000000,0.00000000,35.35263308,23.76875768,23.00000000,23.00000000
69.00000000,80.00000000,0.00000000,35.62213752,23.79975617,23.00000000,23.00000000
70.00000000,80.00000000,0.00000000,35.89088448,23.83131883,23.00000000,23.00000000
71.00000000,80.00000000,0.00000000,36.15882256,23.86343927,23.00000000,23.00000000
72.00000000,80.00000000,0.00000000,36.42590314,23.89611096,23.00000000,23.00000000
73.00000000,80.00000000,0.00000000,36.69208030,23.92932731,23.00000000,23.00000000
74.00000000,80.00000000,0.00000000,36.95731072,23.96308161,23.00000000,23.00000000
75.00000000,80.00000000,0.00000000,37.22155351,23.99736709,23.00000000,23.00000000
76.00000000,80.00000000,0.00000000,37.48477016,24.03217692,23.00000000,23.00000000
77.00000000,80.00000000,0.00000000,37.74692438,24.06750419,23.00000000,23.00000000
78.00000000,80.00000000,0.00000000,38.00798206,24.10334193,23.00000000,23.00000000
79.00000000,80.00000000,0.00000000,38.26791113,24.13968313,23.00000000,23.00000000
80.00000000,80.00000000,0.00000000,38.52668150,24.17652074,23.00000000,23.00000000
81.00000000,80.00000000,0.00000000,38.78426496,24.21384765,23.00000000,23.00000000
82.00000000,80.00000000,0.00000000,39.04063508,24.25165674,23.00000000,23.00000000
83.00000000,80.00000000,0.00000000,39.29576715,24.28994085,23.00000000,23.00000000
84.00000000,80.00000000,0.00000000,39.54963812,24.32869281,23.00000000,23.00000000
85.00000000,80.00000000,0.00000000,39.80222648,24.36790541,23.00000000,23.00000000
86.00000000,80.00000000,0.00000000,40.05351226,24.40757147,23.00000000,23.00000000
87.00000000,80.00000000,0.00000000,40.30347688,24.44768376,23.00000000,23.00000000
88.00000000,80.00000000,0.00000000,40.55210316,24.48823507,23.00000000,23.00000000
89.00000000,80.00000000,0.00000000,40.79937520,24.52921819,23.00000000,23.00000000
90.00000000,80.00000000,0.00000000,41.04527835,24.57062591,23.00000000,23.00000000
91.00000000,80.00000000,0.00000000,41.28979920,24.61245104,23.00000000,23.00000000
92.00000000,80.00000000,0.00000000,41.53292544,24.65468643,23.00000000,23.00000000
93.00000000,80.00000000,0.00000000,41.77464584,24.69732490,23.00000000,23.00000000
94.00000000,80.00000000,0.00000000,42.01495015,24.74035930,23.00000000,23.00000000
95.00000000,80.00000000,0.00000000,42.25382913,24.78378250,23.00000000,23.00000000
96.00000000,80.00000000,0.00000000,42.49127449,24.82758738,23.00000000,23.00000000
97.00000000,80.00000000,0.00000000,42.72727883,24.87176685,23.00000000,23.00000000
98.00000000,80.00000000,0.00000000,42.96183559,24.91631386,23.00000000,23.00000000
99.00000000,80.00000000,0.00000000,43.19493904,24.96122138,23.00000000,23.00000000
100.00000000,80.00000000,0.00000000,43.42658422,25.00648241,23.00000000,23.00000000
101.00000000,80.00000000,0.00000000,43.65676692,25.05209000,23.00000000,23.00000000
102.00000000,80.00000000,0.00000000,43.88548363,25.09803722,23.00000000,23.00000000
103.00000000,80.00000000,0.00000000,44.11273151,25.14431719,23.00000000,23.00000000
104.00000000,80.00000000,0.00000000,44.33850836,25.19092306,23.00000000,23.00000000
105.00000000,80.00000000,0.00000000,44.56281259,25.23784802,23.00000000,23.00000000
106.00000000,80.00000000,0.00000000,44.78564319,25.28508532,23.00000000,23.00000000
107.00000000,80.00000000,0.00000000,45.00699969,25.33262825,23.00000000,23.00000000
108.00000000,80.00000000,0.00000000,45.22688217,25.38047013,23.00000000,23.00000000
109.00000000,80.00000000,0.00000000,45.44529118,25.42860435,23.00000000,23.00000000
110.00000000,80.00000000,0.00000000,45.66222776,25.47702432,23.00000000,23.00000000
111.00000000,80.00000000,0.00000000,45.87769340,25.52572352,23.00000000,23.00000000
112.00000000,80.00000000,0.00000000,46.09169001,25.57469549,23.00000000,23.00000000
113.00000000,80.00000000,0.00000000,46.30421991,25.62393380,23.00000000,23.00000000
114.00000000,80.00000000,0.00000000,46.51528579,25.67343207,23.00000000,23.00000000
115.00000000,80.00000000,0.00000000,46.72489075,25.72318399,23.00000000,23.00000000
116.00000000,80.00000000,0.00000000,46.93303817,25.77318331,23.00000000,23.00000000
117.00000000,80.00000000,0.00000000,47.13973182,25.82342380,23.00000000,23.00000000
118.00000000,80.00000000,0.00000000,47.34497573,25.87389931,23.00000000,23.00000000
119.00000000,80.00000000,0.00000000,47.54877427,25.92460375,23.00000000,23.00000000
120.00000000,80.00000000,0.00000000,47.75113205,25.97553107,23.00000000,23.00000000
121.00000000,80.00000000,0.00000000,47.95205395,26.02667528,23.00000000,23.00000000
122.00000000,80.00000000,0.00000000,48.15154512,26.07803047,23.00000000,23.00000000
123.00000000,80.00000000,0.00000000,48.34961093,26.12959074,23.00000000,23.00000000
124.00000000,80.00000000,0.00000000,48.54625696,26.18135030,23.00000000,23.00000000
125.00000000,80.00000000,0.00000000,48.74148901,26.23330337,23.00000000,23.00000000
126.00000000,80.00000000,0.00000000,48.93531308,26.28544427,23.00000000,23.00000000
127.00000000,80.00000000,0.00000000,49.12773535,26.33776735,23.00000000,23.00000000
128.00000000,80.00000000,0.00000000,49.31876215,26.39026703,23.00000000,23.00000000
129.00000000,80.00000000,0.00000000,49.50840002,26.44293779,23.00000000,23.00000000
130.00000000,80.00000000,0.00000000,49.69665561,26.49577415,23.00000000,23.00000000
131.00000000,80.00000000,0.00000000,49.88353573,26.54877071,23.00000000,23.00000000
132.00000000,80.00000000,0.00000000,50.06904732,26.60192213,23.00000000,23.00000000
133.00000000,80.00000000,0.00000000,50.25319744,26.65522312,23.00000000,23.00000000
134.00000000,80.00000000,0.00000000,50.43599329,26.70866844,23.00000000,23.00000000
135.00000000,80.00000000,0.00000000,50.61744213,26.76225291,23.00000000,23.00000000
136.00000000,80.00000000,0.00000000,50.79755137,26.81597144,23.00000000,23.00000000
137.00000000,80.00000000,0.00000000,50.97632849,26.86981896,23.00000000,23.00000000
138.00000000,80.00000000,0.00000000,51.15378104,26.92379047,23.00000000,23.00000000
139.00000000,80.00000000,0.00000000,51.32991667,26.97788104,23.00000000,23.00000000
140.00000000,80.00000000,0.00000000,51.50474310,27.03208578,23.00000000,23.00000000
141.00000000,80.00000000,0.00000000,51.67826810,27.08639987,23.00000000,23.00000000
142.00000000,80.00000000,0.00000000,51.85049953,27.14081855,23.00000000,23.00000000
143.00000000,80.00000000,0.00000000,52.02144528,27.19533711,23.00000000,23.00000000
144.00000000,80.00000000,0.00000000,52.19111328,27.24995089,23.00000000,23.00000000
145.00000000,80.00000000,0.00000000,52.35951153,27.30465531,23.00000000,23.00000000
146.00000000,80.00000000,0.00000000,52.52664806,27.35944583,23.00000000,23.00000000
147.00000000,80.00000000,0.00000000,52.69253093,27.41431797,23.00000000,23.00000000
148.00000000,80.00000000,0.00000000,52.85716823,27.46926729,23.00000000,23.00000000
149.00000000,80.00000000,0.00000000,53.02056808,27.52428945,23.00000000,23.00000000
150.00000000,80.00000000,0.00000000,53.18273861,27.57938011,23.00000000,23.00000000
151.00000000,80.00000000,0.00000000,53.34368799,27.63453503,23.00000000,23.00000000
152.00000000,80.00000000,0.00000000,53.50342438,27.68975000,23.00000000,23.00000000
153.00000000,80.00000000,0.00000000,53.66195596,27.74502088,23.00000000,23.00000000
154.00000000,80.00000000,0.00000000,53.81929093,27.80034358,23.00000000,23.00000000
155.00000000,80.00000000,0.00000000,53.97543746,27.85571405,23.00000000,23.00000000
156.00000000,80.00000000,0.00000000,54.13040376,27.91112831,23.00000000,23.00000000
157.00000000,80.00000000,0.00000000,54.28419801,27.96658243,23.00000000,23.00000000
158.00000000,80.00000000,0.00000000,54.43682840,28.02207253,23.00000000,23.00000000
159.00000000,80.00000000,0.00000000,54.58830311,28.07759479,23.00000000,23.00000000
160.00000000,80.00000000,0.00000000,54.73863031,28.13314543,23.00000000,23.00000000
161.00000000,80.00000000,0.00000000,54.88781817,28.18872073,23.00000000,23.00000000
162.00000000,80.00000000,0.00000000,55.03587481,28.24431701,23.00000000,23.00000000
163.00000000,80.00000000,0.00000000,55.18280839,28.29993066,23.00000000,23.00000000
164.00000000,80.00000000,0.00000000,55.32862699,28.35555811,23.00000000,23.00000000
165.00000000,80.00000000,0.00000000,55.47333872,28.41119585,23.00000000,23.00000000
166.00000000,80.00000000,0.00000000,55.61695164,28.46684039,23.00000000,23.00000000
167.00000000,80.00000000,0.00000000,55.75947379,28.52248832,23.00000000,23.00000000
168.00000000,80.00000000,0.00000000,55.90091320,28.57813628,23.00000000,23.00000000
169.00000000,80.00000000,0.00000000,56.04127786,28.63378094,23.00000000,23.00000000
170.00000000,80.00000000,0.00000000,56.18057572,28.68941903,23.00000000,23.00000000
171.00000000,80.00000000,0.00000000,56.31881473,28.74504732,23.00000000,23.00000000
172.00000000,80.00000000,0.00000000,56.45600279,28.80066263,23.00000000,23.00000000
173.00000000,80.00000000,0.00000000,56.59214776,28.85626184,23.00000000,23.00000000
174.00000000,80.00000000,0.00000000,56.72725750,28.91184186,23.00000000,23.00000000
175.00000000,80.00000000,0.00000000,56.86133979,28.96739966,23.00000000,23.00000000
176.00000000,80.00000000,0.00000000,56.99440241,29.02293224,23.00000000,23.00000000
177.00000000,80.00000000,0.00000000,57.12645309,29.07843666,23.00000000,23.00000000
178.00000000,80.00000000,0.00000000,57.25749952,29.13391001,23.00000000,23.00000000
179.00000000,80.00000000,0.00000000,57.38754937,29.18934944,23.00000000,23.00000000
180.00000000,80.00000000,0.00000000,57.51661024,29.24475213,23.00000000,23.00000000
181.00000000,80.00000000,0.00000000,57.64468973,29.30011533,23.00000000,23.00000000
182.00000000,80.00000000,0.00000000,57.77179535,29.35543629,23.00000000,23.00000000
183.00000000,80.00000000,0.00000000,57.89793462,29.41071235,23.00000000,23.00000000
184.00000000,80.00000000,0.00000000,58.02311499,29.46594086,23.00000000,23.00000000
185.00000000,80.00000000,0.00000000,58.14734387,29.52111922,23.00000000,23.00000000
186.00000000,80.00000000,0.00000000,58.27062863,29.57624488,23.00000000,23.00000000
187.00000000,80.00000000,0.00000000,58.39297661,29.63131532,23.00000000,23.00000000
188.00000000,80.00000000,0.00000000,58.51439507,29.68632807,23.00000000,23.00000000
189.00000000,80.00000000,0.00000000,58.63489128,29.74128069,23.00000000,23.00000000
190.00000000,80.00000000,0.00000000,58.75447241,29.79617080,23.00000000,23.00000000
191.00000000,80.00000000,0.00000000,58.87314563,29.85099603,23.00000000,23.00000000
192.00000000,80.00000000,0.00000000,58.99091804,29.90575408,23.00000000,23.00000000
193.00000000,80.00000000,0.00000000,59.10779671,29.96044267,23.00000000,23.00000000
194.00000000,80.00000000,0.00000000,59.22378864,30.01505957,23.00000000,23.00000000
195.00000000,80.00000000,0.00000000,59.33890081,30.06960256,23.00000000,23.00000000
196.00000000,80.00000000,0.00000000,59.45314015,30.12406950,23.00000000,23.00000000
197.00000000,80.00000000,0.00000000,59.56651354,30.17845826,23.00000000,23.00000000
198.00000000,80.00000000,0.00000000,59.67902780,30.23276674,23.00000000,23.00000000
199.00000000,80.00000000,0.00000000,59.79068973,30.28699291,23.00000000,23.00000000
200.00000000,20.00000000,0.00000000,59.90150607,30.34113474,23.00000000,23.00000000
201.00000000,20.00000000,0.00000000,60.00515312,30.39518358,23.00000000,23.00000000
202.00000000,20.00000000,0.00000000,60.09574703,30.44910470,23.00000000,23.00000000
203.00000000,20.00000000,0.00000000,60.17392224,30.50285893,23.00000000,23.00000000
204.00000000,20.00000000,0.00000000,60.24028555,30.55640937,23.00000000,23.00000000
205.00000000,20.00000000,0.00000000,60.29541728,30.60972131,23.00000000,23.00000000
206.00000000,20.00000000,0.00000000,60.33987241,30.66276209,23.00000000,23.00000000
207.00000000,20.00000000,0.00000000,60.37418165,30.71550108,23.00000000,23.00000000
208.00000000,20.00000000,0.00000000,60.39885247,30.76790949,23.00000000,23.00000000
209.00000000,20.00000000,0.00000000,60.41437011,30.81996038,23.00000000,23.00000000
210.00000000,20.00000000,0.00000000,60.42119849,30.87162849,23.00000000,23.00000000
211.00000000,20.00000000,0.00000000,60.41978115,30.92289024,23.00000000,23.00000000
212.00000000,20.00000000,0.00000000,60.41054209,30.97372358,23.00000000,23.00000000
213.00000000,20.00000000,0.00000000,60.39388663,31.02410797,23.00000000,23.00000000
214.00000000,20.00000000,0.00000000,60.37020220,31.07402429,23.00000000,23.00000000
215.00000000,20.00000000,0.00000000,60.33985907,31.12345476,23.00000000,23.00000000
216.00000000,20.00000000,0.00000000,60.30321114,31.17238291,23.00000000,23.00000000
217.00000000,20.00000000,0.00000000,60.26059659,31.22079348,23.00000000,23.00000000
218.00000000,20.00000000,0.00000000,60.21233856,31.26867238,23.00000000,23.00000000
219.00000000,20.00000000,0.00000000,60.15874582,31.31600665,23.00000000,23.00000000
220.00000000,20.00000000,0.00000000,60.10011335,31.36278438,23.00000000,23.00000000
221.00000000,20.00000000,0.00000000,60.03672294,31.40899466,23.00000000,23.00000000
222.00000000,20.00000000,0.00000000,59.96884379,31.45462755,23.00000000,23.00000000
223.00000000,20.00000000,0.00000000,59.89673298,31.49967402,23.00000000,23.00000000
224.00000000,20.00000000,0.00000000,59.82063605,31.54412592,23.00000000,23.00000000
225.00000000,20.00000000,0.00000000,59.74078746,31.58797589,23.00000000,23.00000000
226.00000000,20.00000000,0.00000000,59.65741107,31.63121739,23.00000000,23.00000000
227.00000000,20.00000000,0.00000000,59.57072063,31.67384461,23.00000000,23.00000000
228.00000000,20.00000000,0.00000000,59.48092389,31.71585236,23.00000000,23.00000000
229.00000000,20.00000000,0.00000000,59.38821200,31.75723630,23.00000000,23.00000000
230.00000000,20.00000000,0.00000000,59.29277079,31.79799265,23.00000000,23.00000000
231.00000000,20.00000000,0.00000000,59.19477761,31.83811822,23.00000000,23.00000000
232.00000000,20.00000000,0.00000000,59.09440165,31.87761039,23.00000000,23.00000000
233.00000000,20.00000000,0.00000000,58.99180430,31.91646709,23.00000000,23.00000000
234.00000000,20.00000000,0.00000000,58.88713953,31.95468675,23.00000000,23.00000000
235.00000000,20.00000000,0.00000000,58.78055416,31.99226832,23.00000000,23.00000000
236.00000000,20.00000000,0.00000000,58.67218818,32.02921118,23.00000000,23.00000000
237.00000000,20.00000000,0.00000000,58.56217508,32.06551515,23.00000000,23.00000000
238.00000000,20.00000000,0.00000000,58.45064206,32.10118049,23.00000000,23.00000000
239.00000000,20.00000000,0.00000000,58.33771038,32.13620780,23.00000000,23.00000000
240.00000000,20.00000000,0.00000000,58.22349557,32.17059811,23.00000000,23.00000000
241.00000000,20.00000000,0.00000000,58.10810769,32.20435274,23.00000000,23.00000000
242.00000000,20.00000000,0.00000000,57.99165157,32.23747337,23.00000000,23.00000000
243.00000000,20.00000000,0.00000000,57.87422704,32.26996199,23.00000000,23.00000000
244.00000000,20.00000000,0.00000000,57.75592912,32.30182086,23.00000000,23.00000000
245.00000000,20.00000000,0.00000000,57.63684829,32.33305254,23.00000000,23.00000000
246.00000000,20.00000000,0.00000000,57.51707062,32.36365982,23.00000000,23.00000000
247.00000000,20.00000000,0.00000000,57.39667800,32.39364575,23.00000000,23.00000000
248.00000000,20.00000000,0.00000000,57.27574832,32.42301361,23.00000000,23.00000000
249.00000000,20.00000000,0.00000000,57.15435563,32.45176687,23.00000000,23.00000000
250.00000000,20.00000000,0.00000000,57.03257033,32.47990922,23.00000000,23.00000000
251.00000000,20.00000000,0.00000000,56.91045931,32.50744454,23.00000000,23.00000000
252.00000000,20.00000000,0.00000000,56.78808611,32.53437685,23.00000000,23.00000000
253.00000000,20.00000000,0.00000000,56.66551108,32.56071037,23.00000000,23.00000000
254.00000000,20.00000000,0.00000000,56.54279150,32.58644946,23.00000000,23.00000000
255.00000000,20.00000000,0.00000000,56.41998173,32.61159860,23.00000000,23.00000000
256.00000000,20.00000000,0.00000000,56.29713332,32.63616243,23.00000000,23.00000000
257.00000000,20.00000000,0.00000000,56.17429517,32.66014569,23.00000000,23.00000000
258.00000000,20.00000000,0.00000000,56.05151362,32.68355323,23.00000000,23.00000000
259.00000000,20.00000000,0.00000000,55.92883255,32.70639001,23.00000000,23.00000000
260.00000000,20.00000000,0.00000000,55.80629353,32.72866109,23.00000000,23.00000000
261.00000000,20.00000000,0.00000000,55.68393589,32.75037161,23.00000000,23.00000000
262.00000000,20.00000000,0.00000000,55.56179684,32.77152677,23.00000000,23.00000000
263.00000000,20.00000000,0.00000000,55.43991154,32.79213187,23.00000000,23.00000000
264.00000000,20.00000000,0.00000000,55.31831323,32.81219225,23.00000000,23.00000000
265.00000000,20.00000000,0.00000000,55.19703327,32.83171333,23.00000000,23.00000000
266.00000000,20.00000000,0.00000000,55.07610127,32.85070057,23.00000000,23.00000000
267.00000000,20.00000000,0.00000000,54.95554512,32.86915947,23.00000000,23.00000000
268.00000000,20.00000000,0.00000000,54.83539113,32.88709558,23.00000000,23.00000000
269.00000000,20.00000000,0.00000000,54.71566402,32.90451447,23.00000000,23.00000000
270.00000000,20.00000000,0.00000000,54.59638708,32.92142176,23.00000000,23.00000000
271.00000000,20.00000000,0.00000000,54.47758214,32.93782308,23.00000000,23.00000000
272.00000000,20.00000000,0.00000000,54.35926975,32.95372408,23.00000000,23.00000000
273.00000000,20.00000000,0.00000000,54.24146914,32.96913044,23.00000000,23.00000000
274.00000000,20.00000000,0.00000000,54.12419832,32.98404782,23.00000000,23.00000000
275.00000000,20.00000000,0.00000000,54.00747415,32.99848192,23.00000000,23.00000000
276.00000000,20.00000000,0.00000000,53.89131238,33.01243843,23.00000000,23.00000000
277.00000000,20.00000000,0.00000000,53.77572767,33.02592305,23.00000000,23.00000000
278.00000000,20.00000000,0.00000000,53.66073372,33.03894147,23.00000000,23.00000000
279.00000000,20.00000000,0.00000000,53.54634322,33.05149937,23.00000000,23.00000000
280.00000000,70.00000000,0.00000000,53.43256796,33.06360244,23.00000000,23.00000000
281.00000000,70.00000000,0.00000000,53.32469695,33.07526123,23.00000000,23.00000000
282.00000000,70.00000000,0.00000000,53.22765123,33.08650855,23.00000000,23.00000000
283.00000000,70.00000000,0.00000000,53.14092130,33.09738037,23.00000000,23.00000000
284.00000000,70.00000000,0.00000000,53.06401959,33.10791084,23.00000000,23.00000000
285.00000000,70.00000000,0.00000000,52.99647950,33.11813235,23.00000000,23.00000000
286.00000000,70.00000000,0.00000000,52.93785451,33.12807564,23.00000000,23.00000000
287.00000000,70.00000000,0.00000000,52.88771735,33.13776986,23.00000000,23.00000000
288.00000000,70.00000000,0.00000000,52.84565919,33.14724263,23.00000000,23.00000000
289.00000000,70.00000000,0.00000000,52.81128751,33.15652030,23.00000000,23.00000000
290.00000000,70.00000000,0.00000000,52.78422922,33.16562745,23.00000000,23.00000000
291.00000000,70.00000000,0.00000000,52.76412627,33.17458753,23.00000000,23.00000000
292.00000000,70.00000000,0.00000000,52.75063611,33.18342272,23.00000000,23.00000000
293.00000000,70.00000000,0.00000000,52.74343101,33.19215398,23.00000000,23.00000000
294.00000000,70.00000000,0.00000000,52.74219750,33.20080112,23.00000000,23.00000000
295.00000000,70.00000000,0.00000000,52.74663571,33.20938285,23.00000000,23.00000000
296.00000000,70.00000000,0.00000000,52.75645882,33.21791683,23.00000000,23.00000000
297.00000000,70.00000000,0.00000000,52.77139249,33.22641969,23.00000000,23.00000000
298.00000000,70.00000000,0.00000000,52.79117435,33.23490713,23.00000000,23.00000000
299.00000000,70.00000000,0.00000000,52.81555350,33.24339390,23.00000000,23.00000000
300.00000000,70.00000000,0.00000000,52.84428999,33.25189389,23.00000000,23.00000000
301.00000000,70.00000000,0.00000000,52.87715440,33.26042017,23.00000000,23.00000000
302.00000000,70.00000000,0.00000000,52.91392390,33.26898517,23.00000000,23.00000000
303.00000000,70.00000000,0.00000000,52.95439204,33.27760020,23.00000000,23.00000000
304.00000000,70.00000000,0.00000000,52.99835832,33.28627603,23.00000000,23.00000000
305.00000000,70.00000000,0.00000000,53.04563108,33.29502275,23.00000000,23.00000000
306.00000000,70.00000000,0.00000000,53.09602711,33.30384976,23.00000000,23.00000000
307.00000000,70.00000000,0.00000000,53.14937130,33.31276586,23.00000000,23.00000000
308.00000000,70.00000000,0.00000000,53.20549630,33.32177924,23.00000000,23.00000000
309.00000000,70.00000000,0.00000000,53.26424219,33.33089751,23.00000000,23.00000000
310.00000000,70.00000000,0.00000000,53.32545615,33.34012774,23.00000000,23.00000000
311.00000000,70.00000000,0.00000000,53.38899219,33.34947650,23.00000000,23.00000000
312.00000000,70.00000000,0.00000000,53.45471081,33.35894984,23.00000000,23.00000000
313.00000000,70.00000000,0.00000000,53.52247878,33.36855336,23.00000000,23.00000000
314.00000000,70.00000000,0.00000000,53.59216884,33.37829219,23.00000000,23.00000000
315.00000000,70.00000000,0.00000000,53.66365943,33.38817106,23.00000000,23.00000000
316.00000000,70.00000000,0.00000000,53.73683450,33.39819427,23.00000000,23.00000000
317.00000000,70.00000000,0.00000000,53.81158322,33.40836576,23.00000000,23.00000000
318.00000000,70.00000000,0.00000000,53.88779979,33.41868907,23.00000000,23.00000000
319.00000000,70.00000000,0.00000000,53.96538323,33.42916742,23.00000000,23.00000000
320.00000000,70.00000000,0.00000000,54.04423714,33.43980370,23.00000000,23.00000000
321.00000000,70.00000000,0.00000000,54.12426954,33.45060045,23.00000000,23.00000000
322.00000000,70.00000000,0.00000000,54.20539265,33.46155995,23.00000000,23.00000000
323.00000000,70.00000000,0.00000000,54.28752274,33.47268418,23.00000000,23.00000000
324.00000000,70.00000000,0.00000000,54.37057995,33.48397486,23.00000000,23.00000000
325.00000000,70.00000000,0.00000000,54.45448810,33.49543342,23.00000000,23.00000000
326.00000000,70.00000000,0.00000000,54.53917456,33.50706110,23.00000000,23.00000000
327.00000000,70.00000000,0.00000000,54.62457009,33.51885886,23.00000000,23.00000000
328.00000000,70.00000000,0.00000000,54.71060869,33.53082748,23.00000000,23.00000000
329.00000000,70.00000000,0.00000000,54.79722745,33.54296752,23.00000000,23.00000000
330.00000000,70.00000000,0.00000000,54.88436644,33.55527934,23.00000000,23.00000000
331.00000000,70.00000000,0.00000000,54.97196859,33.56776311,23.00000000,23.00000000
332.00000000,70.00000000,0.00000000,55.05997952,33.58041885,23.00000000,23.00000000
333.00000000,70.00000000,0.00000000,55.14834747,33.59324639,23.00000000,23.00000000
334.00000000,70.00000000,0.00000000,55.23702316,33.60624542,23.00000000,23.00000000
335.00000000,70.00000000,0.00000000,55.32595971,33.61941547,23.00000000,23.00000000
336.00000000,70.00000000,0.00000000,55.41511249,33.63275593,23.00000000,23.00000000
337.00000000,70.00000000,0.00000000,55.50443908,33.64626609,23.00000000,23.00000000
338.00000000,70.00000000,0.00000000,55.59389913,33.65994507,23.00000000,23.00000000
339.00000000,70.00000000,0.00000000,55.68345429,33.67379191,23.00000000,23.00000000
340.00000000,70.00000000,0.00000000,55.77306812,33.68780552,23.00000000,23.00000000
341.00000000,70.00000000,0.00000000,55.86270602,33.70198473,23.00000000,23.00000000
342.00000000,70.00000000,0.00000000,55.95233510,33.71632825,23.00000000,23.00000000
343.00000000,70.00000000,0.00000000,56.04192418,33.73083472,23.00000000,23.00000000
344.00000000,70.00000000,0.00000000,56.13144366,33.74550267,23.00000000,23.00000000
345.00000000,70.00000000,0.00000000,56.22086547,33.76033059,23.00000000,23.00000000
346.00000000,70.00000000,0.00000000,56.31016301,33.77531686,23.00000000,23.00000000
347.00000000,70.00000000,0.00000000,56.39931107,33.79045981,23.00000000,23.00000000
348.00000000,70.00000000,0.00000000,56.48828579,33.80575771,23.00000000,23.00000000
349.00000000,70.00000000,0.00000000,56.57706456,33.82120875,23.00000000,23.00000000
350.00000000,70.00000000,0.00000000,56.66562603,33.83681110,23.00000000,23.00000000
351.00000000,70.00000000,0.00000000,56.75394998,33.85256285,23.00000000,23.00000000
352.00000000,70.00000000,0.00000000,56.84201732,33.86846205,23.00000000,23.00000000
353.00000000,70.00000000,0.00000000,56.92981004,33.88450672,23.00000000,23.00000000
354.00000000,70.00000000,0.00000000,57.01731112,33.90069482,23.00000000,23.00000000
355.00000000,70.00000000,0.00000000,57.10450453,33.91702429,23.00000000,23.00000000
356.00000000,70.00000000,0.00000000,57.19137517,33.93349304,23.00000000,23.00000000
357.00000000,70.00000000,0.00000000,57.27790883,33.95009894,23.00000000,23.00000000
358.00000000,70.00000000,0.00000000,57.36409214,33.96683984,23.00000000,23.00000000
359.00000000,70.00000000,0.00000000,57.44991256,33.98371355,23.00000000,23.00000000
360.00000000,70.00000000,0.00000000,57.53535830,34.00071789,23.00000000,23.00000000
361.00000000,70.00000000,0.00000000,57.62041832,34.01785063,23.00000000,23.00000000
362.00000000,70.00000000,0.00000000,57.70508229,34.03510955,23.00000000,23.00000000
363.00000000,70.00000000,0.00000000,57.78934055,34.05249240,23.00000000,23.00000000
364.00000000,70.00000000,0.00000000,57.87318409,34.06999692,23.00000000,23.00000000
365.00000000,70.00000000,0.00000000,57.95660450,34.08762084,23.00000000,23.00000000
366.00000000,70.00000000,0.00000000,58.03959399,34.10536189,23.00000000,23.00000000
367.00000000,70.00000000,0.00000000,58.12214528,34.12321779,23.00000000,23.00000000
368.00000000,70.00000000,0.00000000,58.20425166,34.14118625,23.00000000,23.00000000
369.00000000,70.00000000,0.00000000,58.28590692,34.15926498,23.00000000,23.00000000
370.00000000,70.00000000,0.00000000,58.36710534,34.17745170,23.00000000,23.00000000
371.00000000,70.00000000,0.00000000,58.44784167,34.19574413,23.00000000,23.00000000
372.00000000,70.00000000,0.00000000,58.52811112,34.21413999,23.00000000,23.00000000
373.00000000,70.00000000,0.00000000,58.60790926,34.23263700,23.00000000,23.00000000
374.00000000,70.00000000,0.00000000,58.68723210,34.25123289,23.00000000,23.00000000
375.00000000,70.00000000,0.00000000,58.76607602,34.26992538,23.00000000,23.00000000
376.00000000,70.00000000,0.00000000,58.84443776,34.28871220,23.00000000,23.00000000
377.00000000,70.00000000,0.00000000,58.92231441,34.30759111,23.00000000,23.00000000
378.00000000,70.00000000,0.00000000,58.99970339,34.32655986,23.00000000,23.00000000
379.00000000,70.00000000,0.00000000,59.07660244,34.34561620,23.00000000,23.00000000
380.00000000,70.00000000,0.00000000,59.15300961,34.36475791,23.00000000,23.00000000
381.00000000,70.00000000,0.00000000,59.22892320,34.38398278,23.00000000,23.00000000
382.00000000,70.00000000,0.00000000,59.30434181,34.40328860,23.00000000,23.00000000
383.00000000,70.00000000,0.00000000,59.37926430,34.42267319,23.00000000,23.00000000
384.00000000,70.00000000,0.00000000,59.45368975,34.44213436,23.00000000,23.00000000
385.00000000,70.00000000,0.00000000,59.52761751,34.46166996,23.00000000,23.00000000
386.00000000,70.00000000,0.00000000,59.60104712,34.48127784,23.00000000,23.00000000
387.00000000,70.00000000,0.00000000,59.67397834,34.50095588,23.00000000,23.00000000
388.00000000,70.00000000,0.00000000,59.74641113,34.52070195,23.00000000,23.00000000
389.00000000,70.00000000,0.00000000,59.81834565,34.54051395,23.00000000,23.00000000
390.00000000,70.00000000,0.00000000,59.88978223,34.56038982,23.00000000,23.00000000
391.00000000,70.00000000,0.00000000,59.96072136,34.58032748,23.00000000,23.00000000
392.00000000,70.00000000,0.00000000,60.03116371,34.60032489,23.00000000,23.00000000
393.00000000,70.00000000,0.00000000,60.10111009,34.62038003,23.00000000,23.00000000
394.00000000,70.00000000,0.00000000,60.17056147,34.64049088,23.00000000,23.00000000
395.00000000,70.00000000,0.00000000,60.23951894,34.66065545,23.00000000,23.00000000
396.00000000,70.00000000,0.00000000,60.30798374,34.68087178,23.00000000,23.00000000
397.00000000,70.00000000,0.00000000,60.37595720,34.70113792,23.00000000,23.00000000
398.00000000,70.00000000,0.00000000,60.44344079,34.72145192,23.00000000,23.00000000
399.00000000,70.00000000,0.00000000,60.51043610,34.74181189,23.00000000,23.00000000
400.00000000,50.00000000,0.00000000,60.57694480,34.76221593,23.00000000,23.00000000
401.00000000,50.00000000,0.00000000,60.64085321,34.78266035,23.00000000,23.00000000
402.00000000,50.00000000,0.00000000,60.70020510,34.80313194,23.00000000,23.00000000
403.00000000,50.00000000,0.00000000,60.75521168,34.82361646,23.00000000,23.00000000
404.00000000,50.00000000,0.00000000,60.80607509,34.84410042,23.00000000,23.00000000
405.00000000,50.00000000,0.00000000,60.85299004,34.86457081,23.00000000,23.00000000
406.00000000,50.00000000,0.00000000,60.89614057,34.88501585,23.00000000,23.00000000
407.00000000,50.00000000,0.00000000,60.93570372,34.90542417,23.00000000,23.00000000
408.00000000,50.00000000,0.00000000,60.97184886,34.92578504,23.00000000,23.00000000
409.00000000,50.00000000,0.00000000,61.00473808,34.94608832,23.00000000,23.00000000
410.00000000,50.00000000,0.00000000,61.03452640,34.96632447,23.00000000,23.00000000
411.00000000,50.00000000,0.00000000,61.06136216,34.98648451,23.00000000,23.00000000
412.00000000,50.00000000,0.00000000,61.08538725,35.00655998,23.00000000,23.00000000
413.00000000,50.00000000,0.00000000,61.10673741,35.02654292,23.00000000,23.00000000
414.00000000,50.00000000,0.00000000,61.12554247,35.04642586,23.00000000,23.00000000
415.00000000,50.00000000,0.00000000,61.14192662,35.06620180,23.00000000,23.00000000
416.00000000,50.00000000,0.00000000,61.15600862,35.08586418,23.00000000,23.00000000
417.00000000,50.00000000,0.00000000,61.16790208,35.10540684,23.00000000,23.00000000
418.00000000,50.00000000,0.00000000,61.17771562,35.12482404,23.00000000,23.00000000
419.00000000,50.00000000,0.00000000,61.18555312,35.14411040,23.00000000,23.00000000
420.00000000,50.00000000,0.00000000,61.19151392,35.16326094,23.00000000,23.00000000
421.00000000,50.00000000,0.00000000,61.19569300,35.18227100,23.00000000,23.00000000
422.00000000,50.00000000,0.00000000,61.19818117,35.20113625,23.00000000,23.00000000
423.00000000,50.00000000,0.00000000,61.19906524,35.21985268,23.00000000,23.00000000
424.00000000,50.00000000,0.00000000,61.19842821,35.23841660,23.00000000,23.00000000
425.00000000,50.00000000,0.00000000,61.19634940,35.25682456,23.00000000,23.00000000
426.00000000,50.00000000,0.00000000,61.19290465,35.27507343,23.00000000,23.00000000
427.00000000,50.00000000,0.00000000,61.18816642,35.29316032,23.00000000,23.00000000
428.00000000,50.00000000,0.00000000,61.18220399,35.31108258,23.00000000,23.00000000
429.00000000,50.00000000,0.00000000,61.17508352,35.32883780,23.00000000,23.00000000
430.00000000,50.00000000,0.00000000,61.16686827,35.34642381,23.00000000,23.00000000
431.00000000,50.00000000,0.00000000,61.15761865,35.36383862,23.00000000,23.00000000
432.00000000,50.00000000,0.00000000,61.14739239,35.38108047,23.00000000,23.00000000
433.00000000,50.00000000,0.00000000,61.13624462,35.39814778,23.00000000,23.00000000
434.00000000,50.00000000,0.00000000,61.12422801,35.41503916,23.00000000,23.00000000
435.00000000,50.00000000,0.00000000,61.11139286,35.43175338,23.00000000,23.00000000
436.00000000,50.00000000,0.00000000,61.09778721,35.44828940,23.00000000,23.00000000
437.00000000,50.00000000,0.00000000,61.08345691,35.46464631,23.00000000,23.00000000
438.00000000,50.00000000,0.00000000,61.06844576,35.48082336,23.00000000,23.00000000
439.00000000,50.00000000,0.00000000,61.05279556,35.49681994,23.00000000,23.00000000
440.00000000,50.00000000,0.00000000,61.03654620,35.51263558,23.00000000,23.00000000
441.00000000,50.00000000,0.00000000,61.01973577,35.52826993,23.00000000,23.00000000
442.00000000,50.00000000,0.00000000,61.00240060,35.54372276,23.00000000,23.00000000
443.00000000,50.00000000,0.00000000,60.98457535,35.55899395,23.00000000,23.00000000
444.00000000,50.00000000,0.00000000,60.96629311,35.57408350,23.00000000,23.00000000
445.00000000,50.00000000,0.00000000,60.94758542,35.58899151,23.00000000,23.00000000
446.00000000,50.00000000,0.00000000,60.92848235,35.60371816,23.00000000,23.00000000
447.00000000,50.00000000,0.00000000,60.90901259,35.61826373,23.00000000,23.00000000
448.00000000,50.00000000,0.00000000,60.88920349,35.63262860,23.00000000,23.00000000
449.00000000,50.00000000,0.00000000,60.86908110,35.64681321,23.00000000,23.00000000
450.00000000,50.00000000,0.00000000,60.84867027,35.66081810,23.00000000,23.00000000
451.00000000,50.00000000,0.00000000,60.82799466,35.67464385,23.00000000,23.00000000
452.00000000,50.00000000,0.00000000,60.80707682,35.68829114,23.00000000,23.00000000
453.00000000,50.00000000,0.00000000,60.78593822,35.70176069,23.00000000,23.00000000
454.00000000,50.00000000,0.00000000,60.76459930,35.71505330,23.00000000,23.00000000
455.00000000,50.00000000,0.00000000,60.74307955,35.72816981,23.00000000,23.00000000
456.00000000,50.00000000,0.00000000,60.72139747,35.74111112,23.00000000,23.00000000
457.00000000,50.00000000,0.00000000,60.69957071,35.75387818,23.00000000,23.00000000
458.00000000,50.00000000,0.00000000,60.67761603,35.76647198,23.00000000,23.00000000
459.00000000,50.00000000,0.00000000,60.65554938,35.77889358,23.00000000,23.00000000
460.00000000,50.00000000,0.00000000,60.63338593,35.79114403,23.00000000,23.00000000
461.00000000,50.00000000,0.00000000,60.61114009,35.80322447,23.00000000,23.00000000
462.00000000,50.00000000,0.00000000,60.58882554,35.81513604,23.00000000,23.00000000
463.00000000,50.00000000,0.00000000,60.56645530,35.82687994,23.00000000,23.00000000
464.00000000,50.00000000,0.00000000,60.54404172,35.83845737,23.00000000,23.00000000
465.00000000,50.00000000,0.00000000,60.52159652,35.84986958,23.00000000,23.00000000
466.00000000,50.00000000,0.00000000,60.49913082,35.86111783,23.00000000,23.00000000
467.00000000,50.00000000,0.00000000,60.47665517,35.87220343,23.00000000,23.00000000
468.00000000,50.00000000,0.00000000,60.45417957,35.88312769,23.00000000,23.00000000
469.00000000,50.00000000,0.00000000,60.43171349,35.89389194,23.00000000,23.00000000
470.00000000,50.00000000,0.00000000,60.40926591,35.90449753,23.00000000,23.00000000
471.00000000,50.00000000,0.00000000,60.38684532,35.91494584,23.00000000,23.00000000
472.00000000,50.00000000,0.00000000,60.36445976,35.92523825,23.00000000,23.00000000
473.00000000,50.00000000,0.00000000,60.34211684,35.93537615,23.00000000,23.00000000
474.00000000,50.00000000,0.00000000,60.31982372,35.94536097,23.00000000,23.00000000
475.00000000,50.00000000,0.00000000,60.29758721,35.95519411,23.00000000,23.00000000
476.00000000,50.00000000,0.00000000,60.27541370,35.96487700,23.00000000,23.00000000
477.00000000,50.00000000,0.00000000,60.25330922,35.97441109,23.00000000,23.00000000
478.00000000,50.00000000,0.00000000,60.23127947,35.98379782,23.00000000,23.00000000
479.00000000,50.00000000,0.00000000,60.20932982,35.99303864,23.00000000,23.00000000
480.00000000,50.00000000,0.00000000,60.18746529,36.00213499,23.00000000,23.00000000
481.00000000,50.00000000,0.00000000,60.16569063,36.01108835,23.00000000,23.00000000
482.00000000,50.00000000,0.00000000,60.14401030,36.01990017,23.00000000,23.00000000
483.00000000,50.00000000,0.00000000,60.12242846,36.02857191,23.00000000,23.00000000
484.00000000,50.00000000,0.00000000,60.10094902,36.03710504,23.00000000,23.00000000
485.00000000,50.00000000,0.00000000,60.07957566,36.04550101,23.00000000,23.00000000
486.00000000,50.00000000,0.00000000,60.05831178,36.05376130,23.00000000,23.00000000
487.00000000,50.00000000,0.00000000,60.03716058,36.06188735,23.00000000,23.00000000
488.00000000,50.00000000,0.00000000,60.01612504,36.06988064,23.00000000,23.00000000
489.00000000,50.00000000,0.00000000,59.99520792,36.07774261,23.00000000,23.00000000
490.00000000,50.00000000,0.00000000,59.97441179,36.08547472,23.00000000,23.00000000
491.00000000,50.00000000,0.00000000,59.95373902,36.09307841,23.00000000,23.00000000
492.00000000,50.00000000,0.00000000,59.93319183,36.10055513,23.00000000,23.00000000
493.00000000,50.00000000,0.00000000,59.91277224,36.10790632,23.00000000,23.00000000
494.00000000,50.00000000,0.00000000,59.89248209,36.11513340,23.00000000,23.00000000
495.00000000,50.00000000,0.00000000,59.87232310,36.12223779,23.00000000,23.00000000
496.00000000,50.00000000,0.00000000,59.85229684,36.12922091,23.00000000,23.00000000
497.00000000,50.00000000,0.00000000,59.83240471,36.13608418,23.00000000,23.00000000
498.00000000,50.00000000,0.00000000,59.81264801,36.14282899,23.00000000,23.00000000
499.00000000,50.00000000,0.00000000,59.79302790,36.14945675,23.00000000,23.00000000
500.00000000,50.00000000,0.00000000,59.77354542,36.15596885,23.00000000,23.00000000
501.00000000,50.00000000,0.00000000,59.75420149,36.16236666,23.00000000,23.00000000
502.00000000,50.00000000,0.00000000,59.73499691,36.16865157,23.00000000,23.00000000
503.00000000,50.00000000,0.00000000,59.71593240,36.17482493,23.00000000,23.00000000
504.00000000,50.00000000,0.00000000,59.69700856,36.18088810,23.00000000,23.00000000
505.00000000,50.00000000,0.00000000,59.67822591,36.18684242,23.00000000,23.00000000
506.00000000,50.00000000,0.00000000,59.65958486,36.19268924,23.00000000,23.00000000
507.00000000,50.00000000,0.00000000,59.64108576,36.19842988,23.00000000,23.00000000
508.00000000,50.00000000,0.00000000,59.62272886,36.20406565,23.00000000,23.00000000
509.00000000,50.00000000,0.00000000,59.60451434,36.20959786,23.00000000,23.00000000
510.00000000,50.00000000,0.00000000,59.58644230,36.21502780,23.00000000,23.00000000
511.00000000,50.00000000,0.00000000,59.56851279,36.22035677,23.00000000,23.00000000
512.00000000,50.00000000,0.00000000,59.55072577,36.22558604,23.00000000,23.00000000
513.00000000,50.00000000,0.00000000,59.53308115,36.23071687,23.00000000,23.00000000
514.00000000,50.00000000,0.00000000,59.51557880,36.23575052,23.00000000,23.00000000
515.00000000,50.00000000,0.00000000,59.49821849,36.24068823,23.00000000,23.00000000
516.00000000,50.00000000,0.00000000,59.48099998,36.24553123,23.00000000,23.00000000
517.00000000,50.00000000,0.00000000,59.46392297,36.25028075,23.00000000,23.00000000
518.00000000,50.00000000,0.00000000,59.44698708,36.25493799,23.00000000,23.00000000
519.00000000,50.00000000,0.00000000,59.43019194,36.25950415,23.00000000,23.00000000
520.00000000,50.00000000,0.00000000,59.41353710,36.26398042,23.00000000,23.00000000
521.00000000,50.00000000,0.00000000,59.39702208,36.26836798,23.00000000,23.00000000
522.00000000,50.00000000,0.00000000,59.38064637,36.27266800,23.00000000,23.00000000
523.00000000,50.00000000,0.00000000,59.36440941,36.27688162,23.00000000,23.00000000
524.00000000,50.00000000,0.00000000,59.34831063,36.28100999,23.00000000,23.00000000
525.00000000,50.00000000,0.00000000,59.33234942,36.28505425,23.00000000,23.00000000
526.00000000,50.00000000,0.00000000,59.31652512,36.28901551,23.00000000,23.00000000
527.00000000,50.00000000,0.00000000,59.30083708,36.29289488,23.00000000,23.00000000
528.00000000,50.00000000,0.00000000,59.28528459,36.29669347,23.00000000,23.00000000
529.00000000,50.00000000,0.00000000,59.26986694,36.30041235,23.00000000,23.00000000
530.00000000,50.00000000,0.00000000,59.25458340,36.30405261,23.00000000,23.00000000
531.00000000,50.00000000,0.00000000,59.23943319,36.30761531,23.00000000,23.00000000
532.00000000,50.00000000,0.00000000,59.22441555,36.31110150,23.00000000,23.00000000
533.00000000,50.00000000,0.00000000,59.20952967,36.31451222,23.00000000,23.00000000
534.00000000,50.00000000,0.00000000,59.19477474,36.31784851,23.00000000,23.00000000
535.00000000,50.00000000,0.00000000,59.18014993,36.32111139,23.00000000,23.00000000
536.00000000,50.00000000,0.00000000,59.16565441,36.32430186,23.00000000,23.00000000
537.00000000,50.00000000,0.00000000,59.15128731,36.32742093,23.00000000,23.00000000
538.00000000,50.00000000,0.00000000,59.13704777,36.33046958,23.00000000,23.00000000
539.00000000,50.00000000,0.00000000,59.12293491,36.33344879,23.00000000,23.00000000
540.00000000,50.00000000,0.00000000,59.10894784,36.33635952,23.00000000,23.00000000
541.00000000,50.00000000,0.00000000,59.09508568,36.33920273,23.00000000,23.00000000
542.00000000,50.00000000,0.00000000,59.08134751,36.34197937,23.00000000,23.00000000
543.00000000,50.00000000,0.00000000,59.06773242,36.34469036,23.00000000,23.00000000
544.00000000,50.00000000,0.00000000,59.05423949,36.34733663,23.00000000,23.00000000
545.00000000,50.00000000,0.00000000,59.04086781,36.34991910,23.00000000,23.00000000
546.00000000,50.00000000,0.00000000,59.02761644,36.35243867,23.00000000,23.00000000
547.00000000,50.00000000,0.00000000,59.01448446,36.35489622,23.00000000,23.00000000
548.00000000,50.00000000,0.00000000,59.00147092,36.35729264,23.00000000,23.00000000
549.00000000,50.00000000,0.00000000,58.98857490,36.35962881,23.00000000,23.00000000
550.00000000,50.00000000,0.00000000,58.97579544,36.36190558,23.00000000,23.00000000
551.00000000,50.00000000,0.00000000,58.96313161,36.36412381,23.00000000,23.00000000
552.00000000,50.00000000,0.00000000,58.95058246,36.36628433,23.00000000,23.00000000
553.00000000,50.00000000,0.00000000,58.93814705,36.36838798,23.00000000,23.00000000
554.00000000,50.00000000,0.00000000,58.92582444,36.37043559,23.00000000,23.00000000
555.00000000,50.00000000,0.00000000,58.91361367,36.37242795,23.00000000,23.00000000
556.00000000,50.00000000,0.00000000,58.90151382,36.37436588,23.00000000,23.00000000
557.00000000,50.00000000,0.00000000,58.88952393,36.37625017,23.00000000,23.00000000
558.00000000,50.00000000,0.00000000,58.87764307,36.37808160,23.00000000,23.00000000
559.00000000,50.00000000,0.00000000,58.86587030,36.37986095,23.00000000,23.00000000
560.00000000,50.00000000,0.00000000,58.85420467,36.38158897,23.00000000,23.00000000
561.00000000,50.00000000,0.00000000,58.84264525,36.38326644,23.00000000,23.00000000
562.00000000,50.00000000,0.00000000,58.83119112,36.38489409,23.00000000,23.00000000
563.00000000,50.00000000,0.00000000,58.81984134,36.38647266,23.00000000,23.00000000
564.00000000,50.00000000,0.00000000,58.80859499,36.38800288,23.00000000,23.00000000
565.00000000,50.00000000,0.00000000,58.79745115,36.38948547,23.00000000,23.00000000
566.00000000,50.00000000,0.00000000,58.78640889,36.39092114,23.00000000,23.00000000
567.00000000,50.00000000,0.00000000,58.77546730,36.39231059,23.00000000,23.00000000
568.00000000,50.00000000,0.00000000,58.76462548,36.39365453,23.00000000,23.00000000
569.00000000,50.00000000,0.00000000,58.75388251,36.39495362,23.00000000,23.00000000
570.00000000,50.00000000,0.00000000,58.74323750,36.39620855,23.00000000,23.00000000
571.00000000,50.00000000,0.00000000,58.73268956,36.39741999,23.00000000,23.00000000
572.00000000,50.00000000,0.00000000,58.72223778,36.39858860,23.00000000,23.00000000
573.00000000,50.00000000,0.00000000,58.71188128,36.39971503,23.00000000,23.00000000
574.00000000,50.00000000,0.00000000,58.70161919,36.40079992,23.00000000,23.00000000
575.00000000,50.00000000,0.00000000,58.69145062,36.40184390,23.00000000,23.00000000
576.00000000,50.00000000,0.00000000,58.68137472,36.40284761,23.00000000,23.00000000
577.00000000,50.00000000,0.00000000,58.67139060,36.40381167,23.00000000,23.00000000
578.00000000,50.00000000,0.00000000,58.66149742,36.40473669,23.00000000,23.00000000
579.00000000,50.00000000,0.00000000,58.65169432,36.40562327,23.00000000,23.00000000
580.00000000,50.00000000,0.00000000,58.64198045,36.40647200,23.00000000,23.00000000
581.00000000,50.00000000,0.00000000,58.63235497,36.40728348,23.00000000,23.00000000
582.00000000,50.00000000,0.00000000,58.62281706,36.40805830,23.00000000,23.00000000
583.00000000,50.00000000,0.00000000,58.61336587,36.40879701,23.00000000,23.00000000
584.00000000,50.00000000,0.00000000,58.60400059,36.40950020,23.00000000,23.00000000
585.00000000,50.00000000,0.00000000,58.59472040,36.41016842,23.00000000,23.00000000
586.00000000,50.00000000,0.00000000,58.58552449,36.41080221,23.00000000,23.00000000
587.00000000,50.00000000,0.00000000,58.57641205,36.41140214,23.00000000,23.00000000
588.00000000,50.00000000,0.00000000,58.56738229,36.41196873,23.00000000,23.00000000
589.00000000,50.00000000,0.00000000,58.55843442,36.41250253,23.00000000,23.00000000
590.00000000,50.00000000,0.00000000,58.54956764,36.41300404,23.00000000,23.00000000
591.00000000,50.00000000,0.00000000,58.54078119,36.41347379,23.00000000,23.00000000
592.00000000,50.00000000,0.00000000,58.53207429,36.41391230,23.00000000,23.00000000
593.00000000,50.00000000,0.00000000,58.52344618,36.41432006,23.00000000,23.00000000
594.00000000,50.00000000,0.00000000,58.51489609,36.41469758,23.00000000,23.00000000
595.00000000,50.00000000,0.00000000,58.50642328,36.41504535,23.00000000,23.00000000
596.00000000,50.00000000,0.00000000,58.49802699,36.41536384,23.00000000,23.00000000
597.00000000,50.00000000,0.00000000,58.48970649,36.41565355,23.00000000,23.00000000
598.00000000,50.00000000,0.00000000,58.48146104,36.41591494,23.00000000,23.00000000
599.00000000,50.00000000,0.00000000,58.47328991,36.41614848,23.00000000,23.00000000
600.00000000,50.00000000,0.00000000,58.46519240,36.41635463,23.00000000,23.00000000
601.00000000,50.00000000,0.00000000,58.45716777,36.41653385,23.00000000,23.00000000
602.00000000,50.00000000,0.00000000,58.44921533,36.41668658,23.00000000,23.00000000
603.00000000,50.00000000,0.00000000,58.44133438,36.41681326,23.00000000,23.00000000
604.00000000,50.00000000,0.00000000,58.43352421,36.41691434,23.00000000,23.00000000
605.00000000,50.00000000,0.00000000,58.42578414,36.41699024,23.00000000,23.00000000
606.00000000,50.00000000,0.00000000,58.41811349,36.41704139,23.00000000,23.00000000
607.00000000,50.00000000,0.00000000,58.41051158,36.41706821,23.00000000,23.00000000
608.00000000,50.00000000,0.00000000,58.40297774,36.41707111,23.00000000,23.00000000
609.00000000,50.00000000,0.00000000,58.39551132,36.41705050,23.00000000,23.00000000
610.00000000,50.00000000,0.00000000,58.38811164,36.41700679,23.00000000,23.00000000
611.00000000,50.00000000,0.00000000,58.38077807,36.41694036,23.00000000,23.00000000
612.00000000,50.00000000,0.00000000,58.37350995,36.41685163,23.00000000,23.00000000
613.00000000,50.00000000,0.00000000,58.36630665,36.41674096,23.00000000,23.00000000
614.00000000,50.00000000,0.00000000,58.35916754,36.41660875,23.00000000,23.00000000
615.00000000,50.00000000,0.00000000,58.35209198,36.41645537,23.00000000,23.00000000
616.00000000,50.00000000,0.00000000,58.34507937,36.41628119,23.00000000,23.00000000
617.00000000,50.00000000,0.00000000,58.33812908,36.41608658,23.00000000,23.00000000
618.00000000,50.00000000,0.00000000,58.33124050,36.41587191,23.00000000,23.00000000
619.00000000,50.00000000,0.00000000,58.32441304,36.41563752,23.00000000,23.00000000
620.00000000,50.00000000,0.00000000,58.31764610,36.41538377,23.00000000,23.00000000
621.00000000,50.00000000,0.00000000,58.31093908,36.41511102,23.00000000,23.00000000
622.00000000,50.00000000,0.00000000,58.30429141,36.41481959,23.00000000,23.00000000
623.00000000,50.00000000,0.00000000,58.29770250,36.41450983,23.00000000,23.00000000
624.00000000,50.00000000,0.00000000,58.29117178,36.41418208,23.00000000,23.00000000
625.00000000,50.00000000,0.00000000,58.28469868,36.41383666,23.00000000,23.00000000
626.00000000,50.00000000,0.00000000,58.27828263,36.41347390,23.00000000,23.00000000
627.00000000,50.00000000,0.00000000,58.27192310,36.41309412,23.00000000,23.00000000
628.00000000,50.00000000,0.00000000,58.26561951,36.41269763,23.00000000,23.00000000
629.00000000,50.00000000,0.00000000,58.25937133,36.41228474,23.00000000,23.00000000
630.00000000,50.00000000,0.00000000,58.25317802,36.41185577,23.00000000,23.00000000
631.00000000,50.00000000,0.00000000,58.24703903,36.41141101,23.00000000,23.00000000
632.00000000,50.00000000,0.00000000,58.24095385,36.41095077,23.00000000,23.00000000
633.00000000,50.00000000,0.00000000,58.23492195,36.41047534,23.00000000,23.00000000
634.00000000,50.00000000,0.00000000,58.22894281,36.40998500,23.00000000,23.00000000
635.00000000,50.00000000,0.00000000,58.22301592,36.40948005,23.00000000,23.00000000
636.00000000,50.00000000,0.00000000,58.21714076,36.40896078,23.00000000,23.00000000
637.00000000,50.00000000,0.00000000,58.21131684,36.40842745,23.00000000,23.00000000
638.00000000,50.00000000,0.00000000,58.20554365,36.40788034,23.00000000,23.00000000
639.00000000,50.00000000,0.00000000,58.19982071,36.40731973,23.00000000,23.00000000
640.00000000,50.00000000,0.00000000,58.19414752,36.40674588,23.00000000,23.00000000
641.00000000,50.00000000,0.00000000,58.18852361,36.40615905,23.00000000,23.00000000
642.00000000,50.00000000,0.00000000,58.18294849,36.40555951,23.00000000,23.00000000
643.00000000,50.00000000,0.00000000,58.17742170,36.40494752,23.00000000,23.00000000
644.00000000,50.00000000,0.00000000,58.17194275,36.40432331,23.00000000,23.00000000
645.00000000,50.00000000,0.00000000,58.16651120,36.40368716,23.00000000,23.00000000
646.00000000,50.00000000,0.00000000,58.16112658,36.40303929,23.00000000,23.00000000
647.00000000,50.00000000,0.00000000,58.15578843,36.40237995,23.00000000,23.00000000
648.00000000,50.00000000,0.00000000,58.15049631,36.40170939,23.00000000,23.00000000
649.00000000,50.00000000,0.00000000,58.14524977,36.40102783,23.00000000,23.00000000
650.00000000,50.00000000,0.00000000,58.14004838,36.40033552,23.00000000,23.00000000
651.00000000,50.00000000,0.00000000,58.13489169,36.39963267,23.00000000,23.00000000
652.00000000,50.00000000,0.00000000,58.12977927,36.39891951,23.00000000,23.00000000
653.00000000,50.00000000,0.00000000,58.12471070,36.39819627,23.00000000,23.00000000
654.00000000,50.00000000,0.00000000,58.11968556,36.39746317,23.00000000,23.00000000
655.00000000,50.00000000,0.00000000,58.11470342,36.39672042,23.00000000,23.00000000
656.00000000,50.00000000,0.00000000,58.10976387,36.39596824,23.00000000,23.00000000
657.00000000,50.00000000,0.00000000,58.10486651,36.39520683,23.00000000,23.00000000
658.00000000,50.00000000,0.00000000,58.10001092,36.39443640,23.00000000,23.00000000
659.00000000,50.00000000,0.00000000,58.09519671,36.39365716,23.00000000,23.00000000
660.00000000,50.00000000,0.00000000,58.09042348,36.39286931,23.00000000,23.00000000
661.00000000,50.00000000,0.00000000,58.08569084,36.39207304,23.00000000,23.00000000
662.00000000,50.00000000,0.00000000,58.08099839,36.39126856,23.00000000,23.00000000
663.00000000,50.00000000,0.00000000,58.07634575,36.39045605,23.00000000,23.00000000
664.00000000,50.00000000,0.00000000,58.07173254,36.38963571,23.00000000,23.00000000
665.00000000,50.00000000,0.00000000,58.06715838,36.38880772,23.00000000,23.00000000
666.00000000,50.00000000,0.00000000,58.06262291,36.38797226,23.00000000,23.00000000
667.00000000,50.00000000,0.00000000,58.05812575,36.38712952,23.00000000,23.00000000
668.00000000,50.00000000,0.00000000,58.05366653,36.38627968,23.00000000,23.00000000
669.00000000,50.00000000,0.00000000,58.04924489,36.38542291,23.00000000,23.00000000
670.00000000,50.00000000,0.00000000,58.04486048,36.38455939,23.00000000,23.00000000
671.00000000,50.00000000,0.00000000,58.04051293,36.38368929,23.00000000,23.00000000
672.00000000,50.00000000,0.00000000,58.03620191,36.38281278,23.00000000,23.00000000
673.00000000,50.00000000,0.00000000,58.03192706,36.38193002,23.00000000,23.00000000
674.00000000,50.00000000,0.00000000,58.02768804,36.38104117,23.00000000,23.00000000
675.00000000,50.00000000,0.00000000,58.02348451,36.38014641,23.00000000,23.00000000
676.00000000,50.00000000,0.00000000,58.01931613,36.37924589,23.00000000,23.00000000
677.00000000,50.00000000,0.00000000,58.01518256,36.37833976,23.00000000,23.00000000
678.00000000,50.00000000,0.00000000,58.01108349,36.37742818,23.00000000,23.00000000
679.00000000,50.00000000,0.00000000,58.00701858,36.37651131,23.00000000,23.00000000
680.00000000,50.00000000,0.00000000,58.00298751,36.37558928,23.00000000,23.00000000
681.00000000,50.00000000,0.00000000,57.99898996,36.37466226,23.00000000,23.00000000
682.00000000,50.00000000,0.00000000,57.99502562,36.37373038,23.00000000,23.00000000
683.00000000,50.00000000,0.00000000,57.99109416,36.37279379,23.00000000,23.00000000
684.00000000,50.00000000,0.00000000,57.98719529,36.37185263,23.00000000,23.00000000
685.00000000,50.00000000,0.00000000,57.98332869,36.37090704,23.00000000,23.00000000
686.00000000,50.00000000,0.00000000,57.97949407,36.36995715,23.00000000,23.00000000
687.00000000,50.00000000,0.00000000,57.97569111,36.36900310,23.00000000,23.00000000
688.00000000,50.00000000,0.00000000,57.97191953,36.36804503,23.00000000,23.00000000
689.00000000,50.00000000,0.00000000,57.96817902,36.36708306,23.00000000,23.00000000
690.00000000,50.00000000,0.00000000,57.96446931,36.36611732,23.00000000,23.00000000
691.00000000,50.00000000,0.00000000,57.96079009,36.36514794,23.00000000,23.00000000
692.00000000,50.00000000,0.00000000,57.95714109,36.36417505,23.00000000,23.00000000
693.00000000,50.00000000,0.00000000,57.95352202,36.36319876,23.00000000,23.00000000
694.00000000,50.00000000,0.00000000,57.94993261,36.36221920,23.00000000,23.00000000
695.00000000,50.00000000,0.00000000,57.94637256,36.36123649,23.00000000,23.00000000
696.00000000,50.00000000,0.00000000,57.94284163,36.36025075,23.00000000,23.00000000
697.00000000,50.00000000,0.00000000,57.93933952,36.35926208,23.00000000,23.00000000
698.00000000,50.00000000,0.00000000,57.93586598,36.35827061,23.00000000,23.00000000
699.00000000,50.00000000,0.00000000,57.93242073,36.35727645,23.00000000,23.00000000
700.00000000,50.00000000,0.00000000,57.92900352,36.35627970,23.00000000,23.00000000
701.00000000,50.00000000,0.00000000,57.92561408,36.35528047,23.00000000,23.00000000
702.00000000,50.00000000,0.00000000,57.92225216,36.35427888,23.00000000,23.00000000
703.00000000,50.00000000,0.00000000,57.91891751,36.35327503,23.00000000,23.00000000
704.00000000,50.00000000,0.00000000,57.91560986,36.35226901,23.00000000,23.00000000
705.00000000,50.00000000,0.00000000,57.91232898,36.35126094,23.00000000,23.00000000
706.00000000,50.00000000,0.00000000,57.90907461,36.35025091,23.00000000,23.00000000
707.00000000,50.00000000,0.00000000,57.90584651,36.34923902,23.00000000,23.00000000
708.00000000,50.00000000,0.00000000,57.90264443,36.34822537,23.00000000,23.00000000
709.00000000,50.00000000,0.00000000,57.89946815,36.34721005,23.00000000,23.00000000
710.00000000,50.00000000,0.00000000,57.89631741,36.34619316,23.00000000,23.00000000
711.00000000,50.00000000,0.00000000,57.89319200,36.34517479,23.00000000,23.00000000
712.00000000,50.00000000,0.00000000,57.89009166,36.34415503,23.00000000,23.00000000
713.00000000,50.00000000,0.00000000,57.88701618,36.34313397,23.00000000,23.00000000
714.00000000,50.00000000,0.00000000,57.88396532,36.34211170,23.00000000,23.00000000
715.00000000,50.00000000,0.00000000,57.88093887,36.34108831,23.00000000,23.00000000
716.00000000,50.00000000,0.00000000,57.87793659,36.34006387,23.00000000,23.00000000
717.00000000,50.00000000,0.00000000,57.87495827,36.33903848,23.00000000,23.00000000
718.00000000,50.00000000,0.00000000,57.87200369,36.33801222,23.00000000,23.00000000
719.00000000,50.00000000,0.00000000,57.86907263,36.33698516,23.00000000,23.00000000
720.00000000,50.00000000,0.00000000,57.86616488,36.33595740,23.00000000,23.00000000
721.00000000,50.00000000,0.00000000,57.86328022,36.33492899,23.00000000,23.00000000
722.00000000,50.00000000,0.00000000,57.86041845,36.33390004,23.00000000,23.00000000
723.00000000,50.00000000,0.00000000,57.85757936,36.33287060,23.00000000,23.00000000
724.00000000,50.00000000,0.00000000,57.85476274,36.33184075,23.00000000,23.00000000
725.00000000,50.00000000,0.00000000,57.85196839,36.33081057,23.00000000,23.00000000
726.00000000,50.00000000,0.00000000,57.84919611,36.32978013,23.00000000,23.00000000
727.00000000,50.00000000,0.00000000,57.84644569,36.32874950,23.00000000,23.00000000
728.00000000,50.00000000,0.00000000,57.84371695,36.32771875,23.00000000,23.00000000
729.00000000,50.00000000,0.00000000,57.84100968,36.32668795,23.00000000,23.00000000
730.00000000,50.00000000,0.00000000,57.83832369,36.32565716,23.00000000,23.00000000
731.00000000,50.00000000,0.00000000,57.83565879,36.32462645,23.00000000,23.00000000
732.00000000,50.00000000,0.00000000,57.83301480,36.32359590,23.00000000,23.00000000
733.00000000,50.00000000,0.00000000,57.83039151,36.32256555,23.00000000,23.00000000
734.00000000,50.00000000,0.00000000,57.82778875,36.32153547,23.00000000,23.00000000
735.00000000,50.00000000,0.00000000,57.82520634,36.32050573,23.00000000,23.00000000
736.00000000,50.00000000,0.00000000,57.82264408,36.31947638,23.00000000,23.00000000
737.00000000,50.00000000,0.00000000,57.82010181,36.31844749,23.00000000,23.00000000
738.00000000,50.00000000,0.00000000,57.81757933,36.31741911,23.00000000,23.00000000
739.00000000,50.00000000,0.00000000,57.81507648,36.31639131,23.00000000,23.00000000
740.00000000,50.00000000,0.00000000,57.81259308,36.31536413,23.00000000,23.00000000
741.00000000,50.00000000,0.00000000,57.81012896,36.31433763,23.00000000,23.00000000
742.00000000,50.00000000,0.00000000,57.80768394,36.31331187,23.00000000,23.00000000
743.00000000,50.00000000,0.00000000,57.80525786,36.31228690,23.00000000,23.00000000
744.00000000,50.00000000,0.00000000,57.80285055,36.31126277,23.00000000,23.00000000
745.00000000,50.00000000,0.00000000,57.80046183,36.31023954,23.00000000,23.00000000
746.00000000,50.00000000,0.00000000,57.79809155,36.30921725,23.00000000,23.00000000
747.00000000,50.00000000,0.00000000,57.79573955,36.30819596,23.00000000,23.00000000
748.00000000,50.00000000,0.00000000,57.79340565,36.30717571,23.00000000,23.00000000
749.00000000,50.00000000,0.00000000,57.79108971,36.30615655,23.00000000,23.00000000
750.00000000,50.00000000,0.00000000,57.78879155,36.30513853,23.00000000,23.00000000
751.00000000,50.00000000,0.00000000,57.78651104,36.30412170,23.00000000,23.00000000
752.00000000,50.00000000,0.00000000,57.78424800,36.30310609,23.00000000,23.00000000
753.00000000,50.00000000,0.00000000,57.78200230,36.30209176,23.00000000,23.00000000
754.00000000,50.00000000,0.00000000,57.77977376,36.30107875,23.00000000,23.00000000
755.00000000,50.00000000,0.00000000,57.77756225,36.30006710,23.00000000,23.00000000
756.00000000,50.00000000,0.00000000,57.77536762,36.29905684,23.00000000,23.00000000
757.00000000,50.00000000,0.00000000,57.77318971,36.29804803,23.00000000,23.00000000
758.00000000,50.00000000,0.00000000,57.77102838,36.29704071,23.00000000,23.00000000
759.00000000,50.00000000,0.00000000,57.76888349,36.29603491,23.00000000,23.00000000
760.00000000,50.00000000,0.00000000,57.76675489,36.29503066,23.00000000,23.00000000
761.00000000,50.00000000,0.00000000,57.76464245,36.29402802,23.00000000,23.00000000
762.00000000,50.00000000,0.00000000,57.76254601,36.29302702,23.00000000,23.00000000
763.00000000,50.00000000,0.00000000,57.76046544,36.29202768,23.00000000,23.00000000
764.00000000,50.00000000,0.00000000,57.75840060,36.29103006,23.00000000,23.00000000
765.00000000,50.00000000,0.00000000,57.75635136,36.29003418,23.00000000,23.00000000
766.00000000,50.00000000,0.00000000,57.75431759,36.28904007,23.00000000,23.00000000
767.00000000,50.00000000,0.00000000,57.75229914,36.28804778,23.00000000,23.00000000
768.00000000,50.00000000,0.00000000,57.75029588,36.28705733,23.00000000,23.00000000
769.00000000,50.00000000,0.00000000,57.74830769,36.28606876,23.00000000,23.00000000
770.00000000,50.00000000,0.00000000,57.74633443,36.28508210,23.00000000,23.00000000
771.00000000,50.00000000,0.00000000,57.74437597,36.28409738,23.00000000,23.00000000
772.00000000,50.00000000,0.00000000,57.74243219,36.28311462,23.00000000,23.00000000
773.00000000,50.00000000,0.00000000,57.74050296,36.28213386,23.00000000,23.00000000
774.00000000,50.00000000,0.00000000,57.73858816,36.28115513,23.00000000,23.00000000
775.00000000,50.00000000,0.00000000,57.73668766,36.28017846,23.00000000,23.00000000
776.00000000,50.00000000,0.00000000,57.73480134,36.27920387,23.00000000,23.00000000
777.00000000,50.00000000,0.00000000,57.73292908,36.27823139,23.00000000,23.00000000
778.00000000,50.00000000,0.00000000,57.73107075,36.27726105,23.00000000,23.00000000
779.00000000,50.00000000,0.00000000,57.72922624,36.27629287,23.00000000,23.00000000
780.00000000,50.00000000,0.00000000,57.72739544,36.27532688,23.00000000,23.00000000
781.00000000,50.00000000,0.00000000,57.72557821,36.27436310,23.00000000,23.00000000
782.00000000,50.00000000,0.00000000,57.72377446,36.27340156,23.00000000,23.00000000
783.00000000,50.00000000,0.00000000,57.72198406,36.27244228,23.00000000,23.00000000
784.00000000,50.00000000,0.00000000,57.72020690,36.27148528,23.00000000,23.00000000
785.00000000,50.00000000,0.00000000,57.71844287,36.27053059,23.00000000,23.00000000
786.00000000,50.00000000,0.00000000,57.71669185,36.26957822,23.00000000,23.00000000
787.00000000,50.00000000,0.00000000,57.71495374,36.26862821,23.00000000,23.00000000
788.00000000,50.00000000,0.00000000,57.71322843,36.26768057,23.00000000,23.00000000
789.00000000,50.00000000,0.00000000,57.71151580,36.26673531,23.00000000,23.00000000
790.00000000,50.00000000,0.00000000,57.70981576,36.26579247,23.00000000,23.00000000
791.00000000,50.00000000,0.00000000,57.70812819,36.26485206,23.00000000,23.00000000
792.00000000,50.00000000,0.00000000,57.70645300,36.26391410,23.00000000,23.00000000
793.00000000,50.00000000,0.00000000,57.70479007,36.26297860,23.00000000,23.00000000
794.00000000,50.00000000,0.00000000,57.70313930,36.26204559,23.00000000,23.00000000
795.00000000,50.00000000,0.00000000,57.70150060,36.26111508,23.00000000,23.00000000
796.00000000,50.00000000,0.00000000,57.69987386,36.26018710,23.00000000,23.00000000
797.00000000,50.00000000,0.00000000,57.69825898,36.25926165,23.00000000,23.00000000
798.00000000,50.00000000,0.00000000,57.69665586,36.25833875,23.00000000,23.00000000
799.00000000,50.00000000,0.00000000,57.69506440,36.25741842,23.00000000,23.00000000
800.00000000,50.00000000,0.00000000,57.69348451,36.25650067,23.00000000,23.00000000
801.00000000,50.00000000,0.00000000,57.69191609,36.25558553,23.00000000,23.00000000
802.00000000,50.00000000,0.00000000,57.69035904,36.25467299,23.00000000,23.00000000
803.00000000,50.00000000,0.00000000,57.68881327,36.25376308,23.00000000,23.00000000
804.00000000,50.00000000,0.00000000,57.68727869,36.25285582,23.00000000,23.00000000
805.00000000,50.00000000,0.00000000,57.68575520,36.25195120,23.00000000,23.00000000
806.00000000,50.00000000,0.00000000,57.68424271,36.25104926,23.00000000,23.00000000
807.00000000,50.00000000,0.00000000,57.68274113,36.25014999,23.00000000,23.00000000
808.00000000,50.00000000,0.00000000,57.68125037,36.24925341,23.00000000,23.00000000
809.00000000,50.00000000,0.00000000,57.67977034,36.24835954,23.00000000,23.00000000
810.00000000,50.00000000,0.00000000,57.67830095,36.24746838,23.00000000,23.00000000
811.00000000,50.00000000,0.00000000,57.67684212,36.24657994,23.00000000,23.00000000
812.00000000,50.00000000,0.00000000,57.67539376,36.24569424,23.00000000,23.00000000
813.00000000,50.00000000,0.00000000,57.67395577,36.24481128,23.00000000,23.00000000
814.00000000,50.00000000,0.00000000,57.67252809,36.24393108,23.00000000,23.00000000
815.00000000,50.00000000,0.00000000,57.67111061,36.24305364,23.00000000,23.00000000
816.00000000,50.00000000,0.00000000,57.66970327,36.24217898,23.00000000,23.00000000
817.00000000,50.00000000,0.00000000,57.66830596,36.24130710,23.00000000,23.00000000
818.00000000,50.00000000,0.00000000,57.66691863,36.24043801,23.00000000,23.00000000
819.00000000,50.00000000,0.00000000,57.66554117,36.23957172,23.00000000,23.00000000
820.00000000,50.00000000,0.00000000,57.66417351,36.23870823,23.00000000,23.00000000
821.00000000,50.00000000,0.00000000,57.66281558,36.23784756,23.00000000,23.00000000
822.00000000,50.00000000,0.00000000,57.66146729,36.23698972,23.00000000,23.00000000
823.00000000,50.00000000,0.00000000,57.66012856,36.23613470,23.00000000,23.00000000
824.00000000,50.00000000,0.00000000,57.65879932,36.23528251,23.00000000,23.00000000
825.00000000,50.00000000,0.00000000,57.65747949,36.23443317,23.00000000,23.00000000
826.00000000,50.00000000,0.00000000,57.65616899,36.23358667,23.00000000,23.00000000
827.00000000,50.00000000,0.00000000,57.65486775,36.23274303,23.00000000,23.00000000
828.00000000,50.00000000,0.00000000,57.65357570,36.23190225,23.00000000,23.00000000
829.00000000,50.00000000,0.00000000,57.65229275,36.23106433,23.00000000,23.00000000
830.00000000,50.00000000,0.00000000,57.65101884,36.23022928,23.00000000,23.00000000
831.00000000,50.00000000,0.00000000,57.64975389,36.22939710,23.00000000,23.00000000
832.00000000,50.00000000,0.00000000,57.64849783,36.22856780,23.00000000,23.00000000
833.00000000,50.00000000,0.00000000,57.64725059,36.22774138,23.00000000,23.00000000
834.00000000,50.00000000,0.00000000,57.64601210,36.22691784,23.00000000,23.00000000
835.00000000,50.00000000,0.00000000,57.64478229,36.22609720,23.00000000,23.00000000
836.00000000,50.00000000,0.00000000,57.64356109,36.22527945,23.00000000,23.00000000
837.00000000,50.00000000,0.00000000,57.64234843,36.22446459,23.00000000,23.00000000
838.00000000,50.00000000,0.00000000,57.64114424,36.22365263,23.00000000,23.00000000
839.00000000,50.00000000,0.00000000,57.63994846,36.22284357,23.00000000,23.00000000
840.00000000,50.00000000,0.00000000,57.63876101,36.22203742,23.00000000,23.00000000
841.00000000,50.00000000,0.00000000,57.63758183,36.22123417,23.00000000,23.00000000
842.00000000,50.00000000,0.00000000,57.63641086,36.22043383,23.00000000,23.00000000
843.00000000,50.00000000,0.00000000,57.63524803,36.21963640,23.00000000,23.00000000
844.00000000,50.00000000,0.00000000,57.63409328,36.21884187,23.00000000,23.00000000
845.00000000,50.00000000,0.00000000,57.63294654,36.21805027,23.00000000,23.00000000
846.00000000,50.00000000,0.00000000,57.63180774,36.21726157,23.00000000,23.00000000
847.00000000,50.00000000,0.00000000,57.63067683,36.21647579,23.00000000,23.00000000
848.00000000,50.00000000,0.00000000,57.62955375,36.21569292,23.00000000,23.00000000
849.00000000,50.00000000,0.00000000,57.62843843,36.21491297,23.00000000,23.00000000
850.00000000,50.00000000,0.00000000,57.62733081,36.21413593,23.00000000,23.00000000
851.00000000,50.00000000,0.00000000,57.62623082,36.21336181,23.00000000,23.00000000
852.00000000,50.00000000,0.00000000,57.62513842,36.21259060,23.00000000,23.00000000
853.00000000,50.00000000,0.00000000,57.62405354,36.21182231,23.00000000,23.00000000
854.00000000,50.00000000,0.00000000,57.62297612,36.21105693,23.00000000,23.00000000
855.00000000,50.00000000,0.00000000,57.62190610,36.21029446,23.00000000,23.00000000
856.00000000,50.00000000,0.00000000,57.62084343,36.20953491,23.00000000,23.00000000
857.00000000,50.00000000,0.00000000,57.61978805,36.20877828,23.00000000,23.00000000
858.00000000,50.00000000,0.00000000,57.61873990,36.20802455,23.00000000,23.00000000
859.00000000,50.00000000,0.00000000,57.61769892,36.20727373,23.00000000,23.00000000
860.00000000,50.00000000,0.00000000,57.61666506,36.20652582,23.00000000,23.00000000
861.00000000,50.00000000,0.00000000,57.61563826,36.20578082,23.00000000,23.00000000
862.00000000,50.00000000,0.00000000,57.61461848,36.20503872,23.00000000,23.00000000
863.00000000,50.00000000,0.00000000,57.61360564,36.20429952,23.00000000,23.00000000
864.00000000,50.00000000,0.00000000,57.61259971,36.20356322,23.00000000,23.00000000
865.00000000,50.00000000,0.00000000,57.61160063,36.20282982,23.00000000,23.00000000
866.00000000,50.00000000,0.00000000,57.61060834,36.20209932,23.00000000,23.00000000
867.00000000,50.00000000,0.00000000,57.60962279,36.20137171,23.00000000,23.00000000
868.00000000,50.00000000,0.00000000,57.60864393,36.20064699,23.00000000,23.00000000
869.00000000,50.00000000,0.00000000,57.60767170,36.19992516,23.00000000,23.00000000
870.00000000,50.00000000,0.00000000,57.60670607,36.19920621,23.00000000,23.00000000
871.00000000,50.00000000,0.00000000,57.60574697,36.19849015,23.00000000,23.00000000
872.00000000,50.00000000,0.00000000,57.60479436,36.19777696,23.00000000,23.00000000
873.00000000,50.00000000,0.00000000,57.60384818,36.19706665,23.00000000,23.00000000
874.00000000,50.00000000,0.00000000,57.60290839,36.19635920,23.00000000,23.00000000
875.00000000,50.00000000,0.00000000,57.60197494,36.19565463,23.00000000,23.00000000
876.00000000,50.00000000,0.00000000,57.60104778,36.19495292,23.00000000,23.00000000
877.00000000,50.00000000,0.00000000,57.60012686,36.19425407,23.00000000,23.00000000
878.00000000,50.00000000,0.00000000,57.59921213,36.19355807,23.00000000,23.00000000
879.00000000,50.00000000,0.00000000,57.59830355,36.19286493,23.00000000,23.00000000
880.00000000,50.00000000,0.00000000,57.59740107,36.19217463,23.00000000,23.00000000
881.00000000,50.00000000,0.00000000,57.59650464,36.19148718,23.00000000,23.00000000
882.00000000,50.00000000,0.00000000,57.59561423,36.19080257,23.00000000,23.00000000
883.00000000,50.00000000,0.00000000,57.59472977,36.19012079,23.00000000,23.00000000
884.00000000,50.00000000,0.00000000,57.59385123,36.18944184,23.00000000,23.00000000
885.00000000,50.00000000,0.00000000,57.59297857,36.18876571,23.00000000,23.00000000
886.00000000,50.00000000,0.00000000,57.59211173,36.18809241,23.00000000,23.00000000
887.00000000,50.00000000,0.00000000,57.59125067,36.18742192,23.00000000,23.00000000
888.00000000,50.00000000,0.00000000,57.59039536,36.18675424,23.00000000,23.00000000
889.00000000,50.00000000,0.00000000,57.58954574,36.18608936,23.00000000,23.00000000
890.00000000,50.00000000,0.00000000,57.58870178,36.18542728,23.00000000,23.00000000
891.00000000,50.00000000,0.00000000,57.58786343,36.18476800,23.00000000,23.00000000
892.00000000,50.00000000,0.00000000,57.58703064,36.18411151,23.00000000,23.00000000
893.00000000,50.00000000,0.00000000,57.58620339,36.18345780,23.00000000,23.00000000
894.00000000,50.00000000,0.00000000,57.58538162,36.18280687,23.00000000,23.00000000
895.00000000,50.00000000,0.00000000,57.58456530,36.18215871,23.00000000,23.00000000
896.00000000,50.00000000,0.00000000,57.58375438,36.18151331,23.00000000,23.00000000
897.00000000,50.00000000,0.00000000,57.58294883,36.18087068,23.00000000,23.00000000
898.00000000,50.00000000,0.00000000,57.58214860,36.18023080,23.00000000,23.00000000
899.00000000,50.00000000,0.00000000,57.58135365,36.17959367,23.00000000,23.00000000
